{

	"VMInstancesData": {

		"checkUpPort": "64000",
		"toStart": "1",
		"0": {
			"name": "SdE-FaceDetection",
			"flavor": "8",
			"securityGroups": "ICMP-SSH-FaceDetectionPort-CheckUpPort-InverseMatrixPort",
			"zone": "nova23",
			"imageId": "5c6dd810-23bd-4d39-87f3-a83da6e8c4cb",
			"keypairName": "keypair-SdE-demo",
			"description": "FaceDetection versione di Magnani",
			"dashboardName": "SdE-FaceDetection_2015.02.10_v2"
		},
		"1": {
			"name": "SdE-FDIM_v2_2017",
			"flavor": "6",
			"securityGroups": "default",
			"zone": "nova",
			"imageId": "2fc6bd60-4392-4370-96c1-fed379559fa7",
			"keypairName": "mykey",
			"description": "FaceDetection versione 2017",
			"dashboardName": "SdE-FDIM_v2_2017"
		}
	},

	"General":{

		"WaitingSecondsCheckUpServer": "600",
		"MinVM": "1",
		"MaxVM": "16",
		"Simulation": "HttpClientSimulation",
		"HowManySimulation": "1"
	},

	"Controller": {

		"samplingPeriodInMinutes": "5",
		"toUse": "3",
		"0": {
			"name": "IntegralController",
			"delta": "4",
			"setPoint": "0.3"
		},
		"3": {
			"name": "FrancisController",
			"alpha": "100",
			"beta": "0.005",
			"gamma": "5000",
			"delta": "10000",
			"M": "9",
			"Te": "2"
		},
		"4": {
			"name": "ThresholdController",
			"openstackMetric": "cpu_util",
			"scaleUpThresholdInPerc": "0.6",
			"scaleDownThresholdInPerc": "0.3"
		},
		"5": {
			"name": "QuadThresholdController",
			"openstackMetric": "cpu_util",
			"scaleUpThresholdInPerc": "0.7",
			"scaleUpPreThresholdInPerc": "0.6",
			"scaleDownPreThresholdInPerc": "0.4",
			"scaleDownThresholdInPerc": "0.3",
			"incrementPerc": "0.5",
			"decrementPerc": "0.4",
			"durationPeriodInIntervals": "3"
		},
		"6": {
			"name": "MoreThresholdController",
			"openstackMetric": "cpu_util",
			"scaleUpThreshold_1": "0.7",
			"scaleUpThreshold_2": "0.8",
			"scaleUpThreshold_3": "0.9",
			"scaleDownThreshold_1": "0.3",
			"scaleDownThreshold_2": "0.2",
			"scaleDownThreshold_3": "0.1"
		},
		"7": {
			"name": "ModelPredictiveController",
			"finitehorizon": "15",
			"alpha": "1",
			"beta": "500",
			"gamma": "50",
			"delta": "100",
			"M": "8",
			"Te": "2"
		}
	}
}
